DeltaTime,Elapsed,Position
0.00498291617259383,0.00498291617259383,2.99251403358417
0.00498291617259383,0.00996583234518766,2.98502688014215
0.00498291617259383,0.0149487485177815,2.97753871935264
0.00498291617259383,0.0199316646903753,2.97004972999626
0.00498291617259383,0.0249145808629692,2.96256008995559
0.00498291617259383,0.029897497035563,2.95506997621516
0.00498291617259383,0.0348804132081568,2.94757956486155
0.00498291617259383,0.0398633293807507,2.94008903108345
0.00498291617259383,0.0448462455533445,2.93259854917178
0.00498291617259383,0.0498291617259383,2.9251082925198
0.00498291617259383,0.0548120778985322,2.91761843362325
0.00498291617259383,0.059794994071126,2.91012914408053
0.00498291617259383,0.0647779102437198,2.90264059459291
0.00498291617259383,0.0697608264163136,2.89515295496468
0.00498291617259383,0.0747437425889075,2.88766639410347
0.00498291617259383,0.0797266587615013,2.88018108002042
0.00498291617259383,0.0847095749340951,2.87269717983049
0.00498291617259383,0.089692491106689,2.86521485975277
0.00498291617259383,0.0946754072792828,2.85773428511077
0.00498291617259383,0.0996583234518766,2.85025562033278
0.00498291617259383,0.10464123962447,2.8427790289522
0.00498291617259383,0.109624155797064,2.83530467360794
0.00498291617259383,0.114607071969658,2.82783271604482
0.00498291617259383,0.119589988142252,2.82036331711397
0.00498291617259383,0.124572904314846,2.81289663677328
0.00498291617259383,0.12955582048744,2.80543283408786
0.00498291617259383,0.134538736660033,2.79797206723053
0.00498291617259383,0.139521652832627,2.79051449348229
0.00498291617259383,0.144504569005221,2.78306026923286
0.00498291617259383,0.149487485177815,2.77560954998121
0.00498291617259383,0.154470401350409,2.76816249033613
0.00498291617259383,0.159453317523003,2.76071924401679
0.00498291617259383,0.164436233695596,2.75327996385335
0.00498291617259383,0.16941914986819,2.74584480178756
0.00498291617259383,0.174402066040784,2.73841390887341
0.00498291617259383,0.179384982213378,2.73098743527777
0.00498291617259383,0.184367898385972,2.7235655302811
0.00498291617259383,0.189350814558566,2.71614834227807
0.00498291617259383,0.194333730731159,2.70873601877833
0.00498291617259383,0.199316646903753,2.70132870640722
0.00498291617259383,0.204299563076347,2.69392655090652
0.00498291617259383,0.209282479248941,2.6865296971352
0.00498291617259383,0.214265395421535,2.67913828907021
0.00498291617259383,0.219248311594129,2.67175246980731
0.00498291617259383,0.224231227766722,2.66437238156185
0.00498291617259383,0.229214143939316,2.6569981656696
0.00498291617259383,0.23419706011191,2.64962996258767
0.00498291617259383,0.239179976284504,2.64226791189531
0.00498291617259383,0.244162892457098,2.63491215229483
0.00498291617259383,0.249145808629692,2.62756282161251
0.00498291617259383,0.254128724802285,2.62022005679954
0.00498291617259383,0.259111640974879,2.61288399393292
0.00498291617259383,0.264094557147473,2.60555476821644
0.00498291617259383,0.269077473320067,2.5982325139817
0.00498291617259383,0.274060389492661,2.590917364689
0.00498291617259383,0.279043305665255,2.58360945292847
0.00498291617259383,0.284026221837848,2.57630891042101
0.00498291617259383,0.289009138010442,2.56901586801936
0.00498291617259383,0.293992054183036,2.56173045570917
0.00498291617259383,0.29897497035563,2.55445280261008
0.00498291617259383,0.303957886528224,2.54718303697678
0.00498291617259383,0.308940802700818,2.53992128620014
0.00498291617259383,0.313923718873411,2.53266767680835
0.00498291617259383,0.318906635046005,2.52542233446803
0.00498291617259383,0.323889551218599,2.51818538398541
0.00498291617259383,0.328872467391193,2.51095694930749
0.00498291617259383,0.333855383563787,2.50373715352322
0.00498291617259383,0.338838299736381,2.49652611886472
0.00498291617259383,0.343821215908974,2.48932396670849
0.00498291617259383,0.348804132081568,2.48213081757667
0.00498291617259383,0.353787048254162,2.47494679113822
0.00498291617259383,0.358769964426756,2.46777200621027
0.00498291617259383,0.36375288059935,2.46060658075935
0.00498291617259383,0.368735796771944,2.45345063190267
0.00498291617259383,0.373718712944537,2.44630427590948
0.00498291617259383,0.378701629117131,2.43916762820236
0.00498291617259383,0.383684545289725,2.43204080335855
0.00498291617259383,0.388667461462319,2.42492391511135
0.00498291617259383,0.393650377634913,2.41781707635142
0.00498291617259383,0.398633293807507,2.41072039912823
0.00498291617259383,0.4036162099801,2.40363399465138
0.00498291617259383,0.408599126152694,2.3965579732921
0.00498291617259383,0.413582042325288,2.38949244458459
0.00498291617259383,0.418564958497882,2.38243751722752
0.00498291617259383,0.423547874670476,2.37539329908545
0.00498291617259383,0.42853079084307,2.36835989719029
0.00498291617259383,0.433513707015663,2.36133741774281
0.00498291617259383,0.438496623188257,2.35432596611409
0.00498291617259383,0.443479539360851,2.34732564684707
0.00498291617259383,0.448462455533445,2.34033656365805
0.00498291617259383,0.453445371706039,2.33335881943821
0.00498291617259383,0.458428287878633,2.32639251625516
0.00498291617259383,0.463411204051226,2.31943775535452
0.00498291617259383,0.46839412022382,2.31249463716149
0.00498291617259383,0.473377036396414,2.30556326128239
0.00498291617259383,0.478359952569008,2.29864372650632
0.00498291617259383,0.483342868741602,2.29173613080671
0.00498291617259383,0.488325784914196,2.284840571343
0.00498291617259383,0.493308701086789,2.27795714446223
0.00498291617259383,0.498291617259383,2.27108594570072
0.00498291617259383,0.503274533431977,2.26422706978568
0.00498291617259383,0.508257449604571,2.25738061063696
0.00498291617259383,0.513240365777165,2.25054666136865
0.00498291617259383,0.518223281949759,2.24372531429086
0.00498291617259383,0.523206198122352,2.23691666091135
0.00498291617259383,0.528189114294946,2.23012079193729
0.00498291617259383,0.53317203046754,2.223337797277
0.00498291617259383,0.538154946640134,2.21656776604166
0.00498291617259383,0.543137862812728,2.20981078654711
0.00498291617259383,0.548120778985322,2.20306694631557
0.00498291617259383,0.553103695157915,2.19633633207744
0.00498291617259383,0.558086611330509,2.18961902977311
0.00498291617259383,0.563069527503103,2.18291512455471
0.00498291617259383,0.568052443675697,2.17622470078797
0.00498291617259383,0.573035359848291,2.16954784205404
0.00498291617259383,0.578018276020885,2.16288463115127
0.00498291617259383,0.583001192193478,2.15623515009713
0.00498291617259383,0.587984108366072,2.14959948013001
0.00498291617259383,0.592967024538666,2.14297770171113
0.00498291617259383,0.59794994071126,2.13636989452636
0.00498291617259383,0.602932856883854,2.12977613748818
0.00498291617259383,0.607915773056448,2.12319650873753
0.00498291617259383,0.612898689229041,2.11663108564573
0.00498291617259383,0.617881605401635,2.11007994481642
0.00498291617259383,0.622864521574229,2.10354316208746
0.00498291617259383,0.627847437746823,2.09702081253289
0.00498291617259383,0.632830353919417,2.09051297046489
0.00498291617259383,0.63781327009201,2.08401970943573
0.00498291617259383,0.642796186264604,2.07754110223974
0.00498291617259383,0.647779102437198,2.07107722091529
0.00498291617259383,0.652762018609792,2.06462813674682
0.00498291617259383,0.657744934782386,2.05819392026679
0.00498291617259383,0.66272785095498,2.05177464125772
0.00498291617259383,0.667710767127573,2.04537036875423
0.00498291617259383,0.672693683300167,2.03898117104504
0.00498291617259383,0.677676599472761,2.03260711567505
0.00498291617259383,0.682659515645355,2.02624826944736
0.00498291617259383,0.687642431817949,2.01990469842536
0.00498291617259383,0.692625347990543,2.01357646793479
0.00498291617259383,0.697608264163136,2.00726364256585
0.00498291617259383,0.70259118033573,2.00096628617526
0.00498291617259383,0.707574096508324,1.99468446188838
0.00498291617259383,0.712557012680918,1.98841823210134
0.00498291617259383,0.717539928853512,1.98216765848315
0.00498291617259383,0.722522845026106,1.97593280197784
0.00498291617259383,0.727505761198699,1.96971372280661
0.00498291617259383,0.732488677371293,1.96351048046999
0.00498291617259383,0.737471593543887,1.95732313375001
0.00498291617259383,0.742454509716481,1.95115174071235
0.00498291617259383,0.747437425889075,1.94499635870859
0.00498291617259383,0.752420342061669,1.93885704437834
0.00498291617259383,0.757403258234262,1.93273385365151
0.00498291617259383,0.762386174406856,1.9266268417505
0.00498291617259383,0.76736909057945,1.92053606319245
0.00498291617259383,0.772352006752044,1.91446157179149
0.00498291617259383,0.777334922924638,1.90840342066098
0.00498291617259383,0.782317839097232,1.9023616622158
0.00498291617259383,0.787300755269825,1.89633634817462
0.00498291617259383,0.792283671442419,1.89032752956221
0.00498291617259383,0.797266587615013,1.88433525671174
0.00498291617259383,0.802249503787607,1.87835957926712
0.00498291617259383,0.807232419960201,1.8724005461853
0.00498291617259383,0.812215336132795,1.86645820573867
0.00498291617259383,0.817198252305388,1.8605326055174
0.00498291617259383,0.822181168477982,1.85462379243183
0.00498291617259383,0.827164084650576,1.84873181271485
0.00498291617259383,0.83214700082317,1.84285671192436
0.00498291617259383,0.837129916995764,1.83699853494566
0.00498291617259383,0.842112833168358,1.83115732599395
0.00498291617259383,0.847095749340951,1.82533312861675
0.00498291617259383,0.852078665513545,1.81952598569642
0.00498291617259383,0.857061581686139,1.81373593945269
0.00498291617259383,0.862044497858733,1.80796303144519
0.00498291617259383,0.867027414031327,1.80220730257598
0.00498291617259383,0.872010330203921,1.79646879309218
0.00498291617259383,0.876993246376514,1.79074754258859
0.00498291617259383,0.881976162549108,1.78504359001029
0.00498291617259383,0.886959078721702,1.77935697365537
0.00498291617259383,0.891941994894296,1.77368773117759
0.00498291617259383,0.89692491106689,1.76803589958919
0.00498291617259383,0.901907827239484,1.76240151526361
0.00498291617259383,0.906890743412077,1.75678461393835
0.00498291617259383,0.911873659584671,1.75118523071785
0.00498291617259383,0.916856575757265,1.7456034000764
0.00498291617259383,0.921839491929859,1.7400391558611
0.00498291617259383,0.926822408102453,1.73449253129491
0.00498291617259383,0.931805324275047,1.72896355897971
0.00498291617259383,0.93678824044764,1.72345227089952
0.00498291617259383,0.941771156620234,1.71795869842365
0.00498291617259383,0.946754072792828,1.71248380722215
0.00498291617259383,0.951736988965422,1.70702669132138
0.00498291617259383,0.956719905138016,1.70158737996769
0.00498291617259383,0.96170282131061,1.69616590178868
0.00498291617259383,0.966685737483203,1.69076228479554
0.00498291617259383,0.971668653655797,1.68537655638542
0.00498291617259383,0.976651569828391,1.68000874334378
0.00498291617259383,0.981634486000985,1.67465887184682
0.00498291617259383,0.986617402173579,1.66932696746376
0.00498291617259383,0.991600318346173,1.66401305515933
0.00498291617259383,0.996583234518766,1.65871715929605
0.00498291617259383,1.00156615069136,1.65343930363668
0.00498291617259383,1.00654906686395,1.64817951134658
0.00498291617259383,1.01153198303655,1.6429378049961
0.00498291617259383,1.01651489920914,1.63771420656298
0.00498291617259383,1.02149781538174,1.63250873743477
0.00498291617259383,1.02648073155433,1.62732141841116
0.00498291617259383,1.03146364772692,1.62215226970647
0.00498291617259383,1.03644656389952,1.61700131095198
0.00498291617259383,1.04142948007211,1.61186856119838
0.00498291617259383,1.0464123962447,1.60675403891817
0.00498291617259383,1.0513953124173,1.60165776200806
0.00498291617259383,1.05637822858989,1.5965797477914
0.00498291617259383,1.06136114476249,1.59152001302059
0.00498291617259383,1.06634406093508,1.58647857387949
0.00498291617259383,1.07132697710767,1.58145544598585
0.00498291617259383,1.07630989328027,1.57645064439375
0.00498291617259383,1.08129280945286,1.57146418359597
0.00498291617259383,1.08627572562546,1.56649607752649
0.00498291617259383,1.09125864179805,1.56154633956287
0.00498291617259383,1.09624155797064,1.55661498252867
0.00498291617259383,1.10122447414324,1.55170201869594
0.00498291617259383,1.10620739031583,1.54680745978759
0.00498291617259383,1.11119030648842,1.54193131697986
0.00498291617259383,1.11617322266102,1.53707360090477
0.00498291617259383,1.12115613883361,1.5322343216525
0.00498291617259383,1.12613905500621,1.5274134887739
0.00498291617259383,1.1311219711788,1.52261111128288
0.00498291617259383,1.13610488735139,1.51782719765888
0.00498291617259383,1.14108780352399,1.51306175584931
0.00498291617259383,1.14607071969658,1.50831479327196
0.00498291617259383,1.15105363586918,1.50358631681751
0.00498291617259383,1.15603655204177,1.49887633285191
0.00498291617259383,1.16101946821436,1.49418484721887
0.00498291617259383,1.16600238438696,1.4895118652423
0.00498291617259383,1.17098530055955,1.48485739172874
0.00498291617259383,1.17596821673214,1.48022143096984
0.00498291617259383,1.18095113290474,1.47560398674478
0.00498291617259383,1.18593404907733,1.47100506232275
0.00498291617259383,1.19091696524993,1.46642466046536
0.00498291617259383,1.19589988142252,1.46186278342914
0.00498291617259383,1.20088279759511,1.45731958500842
0.00498291617259383,1.20586571376771,1.45279483919947
0.00498291617259383,1.2108486299403,1.44828852902773
0.00498291617259383,1.2158315461129,1.44380064044101
0.00498291617259383,1.22081446228549,1.43933116325864
0.00498291617259383,1.22579737845808,1.43488045415708
0.00498291617259383,1.23078029463068,1.43044827173742
0.00498291617259383,1.23576321080327,1.42603461430365
0.00498291617259383,1.24074612697586,1.42163947967674
0.00498291617259383,1.24572904314846,1.41726286519708
0.00498291617259383,1.25071195932105,1.41290476772694
0.00498291617259383,1.25569487549365,1.40856518365291
0.00498291617259383,1.26067779166624,1.40424410888837
0.00498291617259383,1.26566070783883,1.39994153887595
0.00498291617259383,1.27064362401143,1.39565746858993
0.00498291617259383,1.27562654018402,1.390892825153
0.00498291617259383,1.28060945635661,1.38614667386786
0.00498291617259383,1.28559237252921,1.38141902071009
0.00498291617259383,1.2905752887018,1.37670987113485
0.00498291617259383,1.2955582048744,1.37201923007927
0.00498291617259383,1.30054112104699,1.36734710196493
0.00498291617259383,1.30552403721958,1.3626934907003
0.00498291617259383,1.31050695339218,1.35805839968319
0.00498291617259383,1.31548986956477,1.35344183180323
0.00498291617259383,1.32047278573737,1.34884378944428
0.00498291617259383,1.32545570190996,1.3442644423766
0.00498291617259383,1.33043861808255,1.33970355372604
0.00498291617259383,1.33542153425515,1.33516110598348
0.00498291617259383,1.34040445042774,1.33063708424779
0.00498291617259383,1.34538736660033,1.32613147730105
0.00498291617259383,1.35037028277293,1.3216446097083
0.00498291617259383,1.35535319894552,1.31717627036753
0.00498291617259383,1.36033611511812,1.31272645770489
0.00498291617259383,1.36531903129071,1.30829516966285
0.00498291617259383,1.3703019474633,1.30388240370266
0.00498291617259383,1.3752848636359,1.29948815680681
0.00498291617259383,1.38026777980849,1.29511242548145
0.00498291617259383,1.38525069598109,1.29075520575888
0.00498291617259383,1.39023361215368,1.2864164932
0.00498291617259383,1.39521652832627,1.28209628289672
0.00498291617259383,1.40019944449887,1.27779456947444
0.00498291617259383,1.40518236067146,1.27351134709454
0.00498291617259383,1.41016527684405,1.26924660945673
0.00498291617259383,1.41514819301665,1.26500034980161
0.00498291617259383,1.42013110918924,1.26077256091303
0.00498291617259383,1.42511402536184,1.25656323512059
0.00498291617259383,1.43009694153443,1.25237236430206
0.00498291617259383,1.43507985770702,1.24819993988586
0.00498291617259383,1.44006277387962,1.24404595285344
0.00498291617259383,1.44504569005221,1.23991039374179
0.00498291617259383,1.45002860622481,1.23579325264587
0.00498291617259383,1.4550115223974,1.231694519221
0.00498291617259383,1.45999443856999,1.22761418268536
0.00498291617259383,1.46497735474259,1.22355223182242
0.00498291617259383,1.46996027091518,1.21950865498333
0.00498291617259383,1.47494318708777,1.21548344008942
0.00498291617259383,1.47992610326037,1.2114765746346
0.00498291617259383,1.48490901943296,1.20748804568779
0.00498291617259383,1.48989193560556,1.20351783989536
0.00498291617259383,1.49487485177815,1.19956594348359
0.00498291617259383,1.49985776795074,1.19563234226103
0.00498291617259383,1.50484068412334,1.19171702162099
0.00498291617259383,1.50982360029593,1.18781996654394
0.00498291617259383,1.51480651646852,1.18394116159995
0.00498291617259383,1.51978943264112,1.18008059095107
0.00498291617259383,1.52477234881371,1.17623823835379
0.00498291617259383,1.52975526498631,1.17241408716146
0.00498291617259383,1.5347381811589,1.16860812032667
0.00498291617259383,1.53972109733149,1.1648203204037
0.00498291617259383,1.54470401350409,1.16105066955092
0.00498291617259383,1.54968692967668,1.15729914953318
0.00498291617259383,1.55466984584928,1.15356574172426
0.00498291617259383,1.55965276202187,1.14985042710922
0.00498291617259383,1.56463567819446,1.14615318628687
0.00498291617259383,1.56961859436706,1.1424739994721
0.00498291617259383,1.57460151053965,1.13881284649833
0.00498291617259383,1.57958442671224,1.13516970681989
0.00498291617259383,1.58456734288484,1.13154455951439
0.00498291617259383,1.58955025905743,1.12793738328517
0.00498291617259383,1.59453317523003,1.12434815646362
0.00498291617259383,1.59951609140262,1.1207768570116
0.00498291617259383,1.60449900757521,1.11722346252384
0.00498291617259383,1.60948192374781,1.11368795023027
0.00498291617259383,1.6144648399204,1.11017029699846
0.00498291617259383,1.619447756093,1.10667047933593
0.00498291617259383,1.62443067226559,1.10318847339259
0.00498291617259383,1.62941358843818,1.09972425496304
0.00498291617259383,1.63439650461078,1.09627779948899
0.00498291617259383,1.63937942078337,1.0928490820616
0.00498291617259383,1.64436233695596,1.08943807742383
0.00498291617259383,1.64934525312856,1.08604475997284
0.00498291617259383,1.65432816930115,1.08266910376228
0.00498291617259383,1.65931108547375,1.07931108250469
0.00498291617259383,1.66429400164634,1.07597066957384
0.00498291617259383,1.66927691781893,1.07264783800707
0.00498291617259383,1.67425983399153,1.0693425605076
0.00498291617259383,1.67924275016412,1.06605480944692
0.00498291617259383,1.68422566633672,1.06278455686711
0.00498291617259383,1.68920858250931,1.05953177448314
0.00498291617259383,1.6941914986819,1.05629643368522
0.00498291617259383,1.6991744148545,1.05307850554115
0.00498291617259383,1.70415733102709,1.04987652483843
0.00498291617259383,1.70914024719968,1.04669189340094
0.00498291617259383,1.71412316337228,1.04352458132142
0.00498291617259383,1.71910607954487,1.04037455837973
0.00498291617259383,1.72408899571747,1.03724179404524
0.00498291617259383,1.72907191189006,1.03412625747913
0.00498291617259383,1.73405482806265,1.03102791753663
0.00498291617259383,1.73903774423525,1.02794674276943
0.00498291617259383,1.74402066040784,1.02488270142786
0.00498291617259383,1.74900357658044,1.02183576146326
0.00498291617259383,1.75398649275303,1.01880589053022
0.00498291617259383,1.75896940892562,1.01579305598889
0.00498291617259383,1.76395232509822,1.01279722490722
0.00498291617259383,1.76893524127081,1.00981836406325
0.00498291617259383,1.7739181574434,1.00685643994736
0.00498291617259383,1.778901073616,1.00391141876454
0.00498291617259383,1.78388398978859,1.00098326643666
0.00498291617259383,1.78886690596119,0.998071948604668
0.00498291617259383,1.79384982213378,0.99517743063089
0.00498291617259383,1.79883273830637,0.992299677601243
0.00498291617259383,1.80381565447897,0.989438654327474
0.00498291617259383,1.80879857065156,0.986594325349397
0.00498291617259383,1.81378148682415,0.983766654937117
0.00498291617259383,1.81876440299675,0.980955607093253
0.00498291617259383,1.82374731916934,0.978161145555156
0.00498291617259383,1.82873023534194,0.975383233797123
0.00498291617259383,1.83371315151453,0.972621835032607
0.00498291617259383,1.83869606768712,0.96987691221642
0.00498291617259383,1.84367898385972,0.967148428046936
0.00498291617259383,1.84866190003231,0.964436344968283
0.00498291617259383,1.85364481620491,0.961740625172536
0.00498291617259383,1.8586277323775,0.959061230601905
0.00498291617259383,1.86361064855009,0.956398122950913
0.00498291617259383,1.86859356472269,0.953751263668579
0.00498291617259383,1.87357648089528,0.951120613960584
0.00498291617259383,1.87855939706787,0.948506134791444
0.00498291617259383,1.88354231324047,0.945907786886673
0.00498291617259383,1.88852522941306,0.943325530734937
0.00498291617259383,1.89350814558566,0.940759326590213
0.00498291617259383,1.89849106175825,0.938209134473938
0.00498291617259383,1.90347397793084,0.935674914177147
0.00498291617259383,1.90845689410344,0.933156625262622
0.00498291617259383,1.91343981027603,0.930654227067017
0.00498291617259383,1.91842272644863,0.928167678702995
0.00498291617259383,1.92340564262122,0.92569693906135
0.00498291617259383,1.92838855879381,0.923241966813126
0.00498291617259383,1.93337147496641,0.920802720411732
0.00498291617259383,1.938354391139,0.918379158095055
0.00498291617259383,1.94333730731159,0.915971237887561
0.00498291617259383,1.94832022348419,0.913578917602397
0.00498291617259383,1.95330313965678,0.911202154843484
0.00498291617259383,1.95828605582938,0.908840907007609
0.00498291617259383,1.96326897200197,0.906495131286509
0.00498291617259383,1.96825188817456,0.904164784668949
0.00498291617259383,1.97323480434716,0.901849823942794
0.00498291617259383,1.97821772051975,0.899550205697086
0.00498291617259383,1.98320063669235,0.897265886324098
0.00498291617259383,1.98818355286494,0.894996822021399
0.00498291617259383,1.99316646903753,0.892742968793903
0.00498291617259383,1.99814938521013,0.890504282455922
0.00498291617259383,2.00313230138272,0.888280718633201
0.00498291617259383,2.00811521755531,0.886072232764963
0.00498291617259383,2.01309813372791,0.883878780105934
0.00498291617259383,2.0180810499005,0.881700315728373
0.00498291617259383,2.0230639660731,0.879536794524091
0.00498291617259383,2.02804688224569,0.87738817120647
0.00498291617259383,2.03302979841828,0.875254400312465
0.00498291617259383,2.03801271459088,0.873135436204618
0.00498291617259383,2.04299563076347,0.871031233073048
0.00498291617259383,2.04797854693606,0.86894174493745
0.00498291617259383,2.05296146310866,0.866866925649079
0.00498291617259383,2.05794437928125,0.864806728892735
0.00498291617259383,2.06292729545385,0.862761108188736
0.00498291617259383,2.06791021162644,0.860730016894891
0.00498291617259383,2.07289312779903,0.858713408208464
0.00498291617259383,2.07787604397163,0.856711235168132
0.00498291617259383,2.08285896014422,0.854723450655941
0.00498291617259383,2.08784187631682,0.852750007399253
0.00498291617259383,2.09282479248941,0.850790857972684
0.00498291617259383,2.097807708662,0.848845954800048
0.00498291617259383,2.1027906248346,0.846915250156278
0.00498291617259383,2.10777354100719,0.844998696169358
0.00498291617259383,2.11275645717978,0.843096244822239
0.00498291617259383,2.11773937335238,0.841207847954749
0.00498291617259383,2.12272228952497,0.839333457265505
0.00498291617259383,2.12770520569757,0.837473024313808
0.00498291617259383,2.13268812187016,0.835626500521544
0.00498291617259383,2.13767103804275,0.833793837175069
0.00498291617259383,2.14265395421535,0.831974985427092
0.00498291617259383,2.14763687038794,0.830169896298556
0.00498291617259383,2.15261978656054,0.828378520680503
0.00498291617259383,2.15760270273313,0.826600809335944
0.00498291617259383,2.16258561890572,0.824836712901716
0.00498291617259383,2.16756853507832,0.823086181890335
0.00498291617259383,2.17255145125091,0.821349166691843
0.00498291617259383,2.1775343674235,0.819625617575648
0.00498291617259383,2.1825172835961,0.81791548469236
0.00498291617259383,2.18750019976869,0.816218718075617
0.00498291617259383,2.19248311594129,0.814535267643912
0.00498291617259383,2.19746603211388,0.812865083202404
0.00498291617259383,2.20244894828647,0.811208114444731
0.00498291617259383,2.20743186445907,0.809564310954813
0.00498291617259383,2.21241478063166,0.807933622208649
0.00498291617259383,2.21739769680426,0.806315997576109
0.00498291617259383,2.22238061297685,0.80471138632272
0.00498291617259383,2.22736352914944,0.803119737611445
0.00498291617259383,2.23234644532204,0.801541000504453
0.00498291617259383,2.23732936149463,0.799975123964886
0.00498291617259383,2.24231227766722,0.798422056858625
0.00498291617259383,2.24729519383982,0.796881747956033
0.00498291617259383,2.25227811001241,0.795354145933713
0.00498291617259383,2.25726102618501,0.793839199376242
0.00498291617259383,2.2622439423576,0.792336856777911
0.00498291617259383,2.26722685853019,0.790847066544447
0.00498291617259383,2.27220977470279,0.789369776994743
0.00498291617259383,2.27719269087538,0.787904936362566
0.00498291617259383,2.28217560704798,0.786452492798274
0.00498291617259383,2.28715852322057,0.785012394370511
0.00498291617259383,2.29214143939316,0.783584589067911
0.00498291617259383,2.29712435556576,0.78216902480078
0.00498291617259383,2.30210727173835,0.780765649402789
0.00498291617259383,2.30709018791094,0.779374410632644
0.00498291617259383,2.31207310408354,0.77799525617576
0.00498291617259383,2.31705602025613,0.776628133645923
0.00498291617259383,2.32203893642873,0.77527299058695
0.00498291617259383,2.32702185260132,0.773929774474343
0.00498291617259383,2.33200476877391,0.772598432716925
0.00498291617259383,2.33698768494651,0.771278912658488
0.00498291617259383,2.3419706011191,0.76997116157942
0.00498291617259383,2.34695351729169,0.76867512669833
0.00498291617259383,2.35193643346429,0.767390755173671
0.00498291617259383,2.35691934963688,0.766117994105346
0.00498291617259383,2.36190226580948,0.764856790536319
0.00498291617259383,2.36688518198207,0.763607091454212
0.00498291617259383,2.37186809815466,0.762368843792899
0.00498291617259383,2.37685101432726,0.761141994434089
0.00498291617259383,2.38183393049985,0.759926490208909
0.00498291617259383,2.38681684667245,0.758722277899475
0.00498291617259383,2.39179976284504,0.757529304240461
0.00498291617259383,2.39678267901763,0.756347515920655
0.00498291617259383,2.40176559519023,0.755176859584513
0.00498291617259383,2.40674851136282,0.754017281833709
0.00498291617259383,2.41173142753541,0.752868729228671
0.00498291617259383,2.41671434370801,0.751731148290116
0.00498291617259383,2.4216972598806,0.750604485500577
0.00498291617259383,2.4266801760532,0.749488687305922
0.00498291617259383,2.43166309222579,0.74838370011687
0.00498291617259383,2.43664600839838,0.747289470310494
0.00498291617259383,2.44162892457098,0.746205944231724
0.00498291617259383,2.44661184074357,0.745133068194841
0.00498291617259383,2.45159475691617,0.744070788484962
0.00498291617259383,2.45657767308876,0.74301905135952
0.00498291617259383,2.46156058926135,0.741977803049741
0.00498291617259383,2.46654350543395,0.740946989762107
0.00498291617259383,2.47152642160654,0.739926557679818
0.00498291617259383,2.47650933777913,0.738916452964246
0.00498291617259383,2.48149225395173,0.737916621756383
0.00498291617259383,2.48647517012432,0.736927010178277
0.00498291617259383,2.49145808629692,0.735947564334469
0.00498291617259383,2.49644100246951,0.734978230313423
0.00498291617259383,2.5014239186421,0.734018954188937
0.00498291617259383,2.5064068348147,0.733069682021567
0.00498291617259383,2.51138975098729,0.732130359860026
0.00498291617259383,2.51637266715989,0.73120093374259
0.00498291617259383,2.52135558333248,0.730281349698485
0.00498291617259383,2.52633849950507,0.729371553749282
0.00498291617259383,2.53132141567767,0.728471491910269
0.00498291617259383,2.53630433185026,0.727581110191831
0.00498291617259383,2.54128724802285,0.726700354600813
0.00498291617259383,2.54627016419545,0.725829171141879
0.00498291617259383,2.55125308036804,0.72496750581887
0.00498291617259383,2.55623599654064,0.724115304636147
0.00498291617259383,2.56121891271323,0.723272513599931
0.00498291617259383,2.56620182888582,0.72243907871964
0.00498291617259383,2.57118474505842,0.721614946009209
0.00498291617259383,2.57616766123101,0.720800061488416
0.00498291617259383,2.5811505774036,0.719994371184192
0.00498291617259383,2.5861334935762,0.719197821131929
0.00498291617259383,2.59111640974879,0.718410357376778
0.00498291617259383,2.59609932592139,0.717631925974945
0.00498291617259383,2.60108224209398,0.716862472994972
0.00498291617259383,2.60606515826657,0.716101944519024
0.00498291617259383,2.61104807443917,0.715350286644157
0.00498291617259383,2.61603099061176,0.714607445483585
0.00498291617259383,2.62101390678436,0.71387336716794
0.00498291617259383,2.62599682295695,0.713147997846526
0.00498291617259383,2.63097973912954,0.712431283688565
0.00498291617259383,2.63596265530214,0.711723170884435
0.00498291617259383,2.64094557147473,0.711023605646903
0.00498291617259383,2.64592848764732,0.710332534212355
0.00498291617259383,2.65091140381992,0.709649902842011
0.00498291617259383,2.65589431999251,0.708975657823139
0.00498291617259383,2.66087723616511,0.708309745470263
0.00498291617259383,2.6658601523377,0.707652112126362
0.00498291617259383,2.67084306851029,0.70700270416406
0.00498291617259383,2.67582598468289,0.706361467986817
0.00498291617259383,2.68080890085548,0.705728350030105
0.00498291617259383,2.68579181702808,0.705103296762582
0.00498291617259383,2.69077473320067,0.704486254687258
0.00498291617259383,2.69575764937326,0.703877170342656
0.00498291617259383,2.70074056554586,0.703275990303964
0.00498291617259383,2.70572348171845,0.702682661184181
0.00498291617259383,2.71070639789104,0.702097129635256
0.00498291617259383,2.71568931406364,0.701519342349223
0.00498291617259383,2.72067223023623,0.700949246059328
0.00498291617259383,2.72565514640883,0.700386787541145
0.00498291617259383,2.73063806258142,0.699831913613695
0.00498291617259383,2.73562097875401,0.699284571140545
0.00498291617259383,2.74060389492661,0.698744707030918
0.00498291617259383,2.7455868110992,0.698212268240776
0.00498291617259383,2.7505697272718,0.697687201773915
0.00498291617259383,2.75555264344439,0.697169454683041
0.00498291617259383,2.76053555961698,0.696658974070844
0.00498291617259383,2.76551847578958,0.696155707091068
0.00498291617259383,2.77050139196217,0.695659600949567
0.00498291617259383,2.77548430813476,0.695170602905363
0.00498291617259383,2.78046722430736,0.694688660271693
0.00498291617259383,2.78545014047995,0.694213720417046
0.00498291617259383,2.79043305665255,0.693745730766201
0.00498291617259383,2.79541597282514,0.693284638801257
0.00498291617259383,2.80039888899773,0.692830392062648
0.00498291617259383,2.80538180517033,0.692382938150161
0.00498291617259383,2.81036472134292,0.691942224723947
0.00498291617259383,2.81534763751552,0.691508199505518
0.00498291617259383,2.82033055368811,0.691080810278744
0.00498291617259383,2.8253134698607,0.690660004890844
0.00498291617259383,2.8302963860333,0.690245731253365
0.00498291617259383,2.83527930220589,0.68983793734316
0.00498291617259383,2.84026221837848,0.689436571203355
0.00498291617259383,2.84524513455108,0.689041580944315
0.00498291617259383,2.85022805072367,0.688652914744598
0.00498291617259383,2.85521096689627,0.688270520851906
0.00498291617259383,2.86019388306886,0.687894347584029
0.00498291617259383,2.86517679924145,0.687524343329781
0.00498291617259383,2.87015971541405,0.687160456549931
0.00498291617259383,2.87514263158664,0.686802635778126
0.00498291617259383,2.88012554775923,0.686450829621814
0.00498291617259383,2.88510846393183,0.686104986763148
0.00498291617259383,2.89009138010442,0.685765055959897
0.00498291617259383,2.89507429627702,0.685430986046343
0.00498291617259383,2.90005721244961,0.685102725934173
0.00498291617259383,2.9050401286222,0.684780224613362
0.00498291617259383,2.9100230447948,0.68446343115306
0.00498291617259383,2.91500596096739,0.68415229470246
0.00498291617259383,2.91998887713999,0.683846764491663
0.00498291617259383,2.92497179331258,0.683546789832547
0.00498291617259383,2.92995470948517,0.683252320119612
0.00498291617259383,2.93493762565777,0.682963304830835
0.00498291617259383,2.93992054183036,0.682679693528506
0.00498291617259383,2.94490345800295,0.682401435860071
0.00498291617259383,2.94988637417555,0.682128481558952
0.00498291617259383,2.95486929034814,0.68186078044538
0.00498291617259383,2.95985220652074,0.681598282427202
0.00498291617259383,2.96483512269333,0.681340937500701
0.00498291617259383,2.96981803886592,0.681088695751391
0.00498291617259383,2.97480095503852,0.680841507354822
0.00498291617259383,2.97978387121111,0.68059932257737
0.00498291617259383,2.98476678738371,0.680362091777021
0.00498291617259383,2.9897497035563,0.680129765404153
0.00498291617259383,2.99473261972889,0.679902294002307
0.00498291617259383,2.99971553590149,0.679679628208957
0.00498291617259383,3.00469845207408,0.679461718756268
0.00498291617259383,3.00968136824667,0.679248516471853
0.00498291617259383,3.01466428441927,0.679039972279521
0.00498291617259383,3.01964720059186,0.678836037200021
0.00498291617259383,3.02463011676446,0.678636662351776
0.00498291617259383,3.02961303293705,0.678441798951615
0.00498291617259383,3.03459594910964,0.678251398315501
0.00498291617259383,3.03957886528224,0.678065411859241
0.00498291617259383,3.04456178145483,0.677883791099206
0.00498291617259383,3.04954469762743,0.677706487653034
0.00498291617259383,3.05452761380002,0.677533453240332
0.00498291617259383,3.05951052997261,0.677364639683368
0.00498291617259383,3.06449344614521,0.67719999890776
0.00498291617259383,3.0694763623178,0.677039482943159
0.00498291617259383,3.07445927849039,0.676883043923925
0.00498291617259383,3.07944219466299,0.676730634089799
0.00498291617259383,3.08442511083558,0.676582205786564
0.00498291617259383,3.08940802700818,0.676437711466705
0.00498291617259383,3.09439094318077,0.676297103690062
0.00498291617259383,3.09937385935336,0.676160335124479
0.00498291617259383,3.10435677552596,0.676027358546438
0.00498291617259383,3.10933969169855,0.675898126841701
0.00498291617259383,3.11432260787115,0.675772593005935
0.00498291617259383,3.11930552404374,0.675650710145337
0.00498291617259383,3.12428844021633,0.675532431477249
0.00498291617259383,3.12927135638893,0.675417710330773
0.00498291617259383,3.13425427256152,0.675306500147373
0.00498291617259383,3.13923718873411,0.675198754481476
0.00498291617259383,3.14422010490671,0.67509442700107
0.00498291617259383,3.1492030210793,0.674993471488284
0.00498291617259383,3.1541859372519,0.674895841839981
0.00498291617259383,3.15916885342449,0.674801492068324
0.00498291617259383,3.16415176959708,0.674710376301355
0.00498291617259383,3.16913468576968,0.674622448783559
0.00498291617259383,3.17411760194227,0.674537663876419
0.00498291617259383,3.17910051811486,0.674455976058976
0.00498291617259383,3.18408343428746,0.674377339928374
0.00498291617259383,3.18906635046005,0.674301710200404
0.00498291617259383,3.19404926663265,0.674229041710038
0.00498291617259383,3.19903218280524,0.674159289411965
0.00498291617259383,3.20401509897783,0.674092408381114
0.00498291617259383,3.20899801515043,0.674028353813174
0.00498291617259383,3.21398093132302,0.67396708102511
0.00498291617259383,3.21896384749562,0.673908545455672
0.00498291617259383,3.22394676366821,0.673852702665895
0.00498291617259383,3.2289296798408,0.673799508339603
0.00498291617259383,3.2339125960134,0.673748918283896
0.00498291617259383,3.23889551218599,0.673700888429641
0.00498291617259383,3.24387842835858,0.673655374831948
0.00498291617259383,3.24886134453118,0.673612333670653
0.00498291617259383,3.25384426070377,0.673571721250784
0.00498291617259383,3.25882717687637,0.673533494003024
0.00498291617259383,3.26381009304896,0.673497608484178
0.00498291617259383,3.26879300922155,0.67346402137762
0.00498291617259383,3.27377592539415,0.673432689493744
0.00498291617259383,3.27875884156674,0.67340356977041
0.00498291617259383,3.28374175773934,0.673376619273378
0.00498291617259383,3.28872467391193,0.673351795196745
0.00498291617259383,3.29370759008452,0.673329054863367
0.00498291617259383,3.29869050625712,0.673308355725286
0.00498291617259383,3.30367342242971,0.673289655364144
0.00498291617259383,3.3086563386023,0.673272911491596
0.00498291617259383,3.3136392547749,0.673258081949716
0.00498291617259383,3.31862217094749,0.673245124711394
0.00498291617259383,3.32360508712009,0.67323399788074
0.00498291617259383,3.32858800329268,0.673224659693464
0.00498291617259383,3.33357091946527,0.673217068517273
0.00498291617259383,3.33855383563787,0.673211182852239
0.00498291617259383,3.34353675181046,0.673206961331183
0.00498291617259383,3.34851966798306,0.673204362720041
0.00498291617259383,3.35350258415565,0.673203345918228
0.00498291617259383,3.35848550032824,0.673203869959001
0.00498291617259383,3.36346841650084,0.673205894009809
0.00498291617259383,3.36845133267343,0.673209377372644
0.00498291617259383,3.37343424884602,0.673214279484387
0.00498291617259383,3.37841716501862,0.673220559917145
0.00498291617259383,3.38340008119121,0.673228178378585
0.00498291617259383,3.38838299736381,0.673237094712266
0.00498291617259383,3.3933659135364,0.673247268897958
0.00498291617259383,3.39834882970899,0.673258661051967
0.00498291617259383,3.40333174588159,0.673271231427444
0.00498291617259383,3.40831466205418,0.673284940414699
0.00498291617259383,3.41329757822677,0.6732997485415
0.00498291617259383,3.41828049439937,0.673315616473377
0.00498291617259383,3.42326341057196,0.673332505013913
0.00498291617259383,3.42824632674456,0.673350375105037
0.00498291617259383,3.43322924291715,0.673369187827305
0.00498291617259383,3.43821215908974,0.673388904400182
0.00498291617259383,3.44319507526234,0.673409486182317
0.00498291617259383,3.44817799143493,0.673430894671813
0.00498291617259383,3.45316090760753,0.67345309150649
0.00498291617259383,3.45814382378012,0.673476038464152
0.00498291617259383,3.46312673995271,0.673499697462835
0.00498291617259383,3.46810965612531,0.673524030561062
0.00498291617259383,3.4730925722979,0.673548999958091
0.00498291617259383,3.47807548847049,0.673574567994154
0.00498291617259383,3.48305840464309,0.673600697150695
0.00498291617259383,3.48804132081568,0.673627350050601
0.00498291617259383,3.49302423698828,0.673654489458431
0.00498291617259383,3.49800715316087,0.673682078280641
0.00498291617259383,3.50299006933346,0.673710079565797
0.00498291617259383,3.50797298550606,0.673738456504794
0.00498291617259383,3.51295590167865,0.673767172431064
0.00498291617259383,3.51793881785125,0.673796190820776
0.00498291617259383,3.52292173402384,0.673825475293045
0.00498291617259383,3.52790465019643,0.67385498961012
0.00498291617259383,3.53288756636903,0.673884697677576
0.00498291617259383,3.53787048254162,0.673914563544505
0.00498291617259383,3.54285339871421,0.673944551403694
0.00498291617259383,3.54783631488681,0.673974625591805
0.00498291617259383,3.5528192310594,0.674004750589545
0.00498291617259383,3.557802147232,0.674034891021839
0.00498291617259383,3.56278506340459,0.67406501165799
0.00498291617259383,3.56776797957718,0.674095077411845
0.00498291617259383,3.57275089574978,0.674125053341944
0.00498291617259383,3.57773381192237,0.674154904651675
0.00498291617259383,3.58271672809497,0.67418459668942
0.00498291617259383,3.58769964426756,0.674214094948697
0.00498291617259383,3.59268256044015,0.674243365068303
0.00498291617259383,3.59766547661275,0.674272372832439
0.00498291617259383,3.60264839278534,0.674301084170849
0.00498291617259383,3.60763130895793,0.674329465158941
0.00498291617259383,3.61261422513053,0.674357482017908
0.00498291617259383,3.61759714130312,0.674385101114848
0.00498291617259383,3.62258005747572,0.674412288962874
0.00498291617259383,3.62756297364831,0.674439012221225
0.00498291617259383,3.6325458898209,0.674465237695371
0.00498291617259383,3.6375288059935,0.674490932337111
0.00498291617259383,3.64251172216609,0.674516063244671
0.00498291617259383,3.64749463833869,0.674540597662798
0.00498291617259383,3.65247755451128,0.674564502982845
0.00498291617259383,3.65746047068387,0.674587746742861
0.00498291617259383,3.66244338685647,0.674610296627662
0.00498291617259383,3.66742630302906,0.674632120468918
0.00498291617259383,3.67240921920165,0.674653186245217
0.00498291617259383,3.67739213537425,0.674673462082137
0.00498291617259383,3.68237505154684,0.67469291625231
0.00498291617259383,3.68735796771944,0.674711517175483
0.00498291617259383,3.69234088389203,0.674729233418574
0.00498291617259383,3.69732380006462,0.674746033695722
0.00498291617259383,3.70230671623722,0.674761886868341
0.00498291617259383,3.70728963240981,0.674776761945161
0.00498291617259383,3.7122725485824,0.674790628082271
0.00498291617259383,3.717255464755,0.674803454583154
0.00498291617259383,3.72223838092759,0.674815210898725
0.00498291617259383,3.72722129710019,0.674825866627355
0.00498291617259383,3.73220421327278,0.674835391514902
0.00498291617259383,3.73718712944537,0.674843755454729
0.00498291617259383,3.74217004561797,0.674850928487727
0.00498291617259383,3.74715296179056,0.674858317712021
0.00498291617259383,3.75213587796316,0.674864463106951
0.00498291617259383,3.75711879413575,0.67486933515012
0.00498291617259383,3.76210171030834,0.674872904466632
0.00498291617259383,3.76708462648094,0.674875141829089
0.00498291617259383,3.77206754265353,0.67487601815759
0.00498291617259383,3.77705045882612,0.674875504519712
0.00498291617259383,3.78203337499872,0.674873572130509
0.00498291617259383,3.78701629117131,0.674870192352484
0.00498291617259383,3.79199920734391,0.674865336695579
0.00498291617259383,3.7969821235165,0.674858976817145
0.00498291617259383,3.80196503968909,0.674851084521917
0.00498291617259383,3.80694795586169,0.674841631761981
0.00498291617259383,3.81193087203428,0.674830590636744
0.00498291617259383,3.81691378820688,0.674817933392895
0.00498291617259383,3.82189670437947,0.674803632424359
0.00498291617259383,3.82687962055206,0.67478766027226
0.00498291617259383,3.83186253672466,0.674769989624866
0.00498291617259383,3.83684545289725,0.674750593317542
0.00498291617259383,3.84182836906984,0.674729444332695
0.00498291617259383,3.84681128524244,0.674706515799711
0.00498291617259383,3.85179420141503,0.6746817809949
0.00498291617259383,3.85677711758763,0.674655213341426
0.00498291617259383,3.86176003376022,0.674626786409239
0.00498291617259383,3.86674294993281,0.674596473915008
0.00498291617259383,3.87172586610541,0.67456424972204
0.00498291617259383,3.876708782278,0.674530087840205
0.00498291617259383,3.8816916984506,0.674493962425855
0.00498291617259383,3.88667461462319,0.674455847781738
0.00498291617259383,3.89165753079578,0.674415718356909
0.00498291617259383,3.89664044696838,0.674373548746641
0.00498291617259383,3.90162336314097,0.674329313692332
0.00498291617259383,3.90660627931356,0.674282988081402
0.00498291617259383,3.91158919548616,0.674234546947198
0.00498291617259383,3.91657211165875,0.674183965468887
0.00498291617259383,3.92155502783135,0.674131218971352
0.00498291617259383,3.92653794400394,0.674076282925077
0.00498291617259383,3.93152086017653,0.67401913294604
0.00498291617259383,3.93650377634913,0.673959744795594
0.00498291617259383,3.94148669252172,0.673898094380345
0.00498291617259383,3.94646960869431,0.673834157752035
0.00498291617259383,3.95145252486691,0.673767911107416
0.00498291617259383,3.9564354410395,0.673699330788118
0.00498291617259383,3.9614183572121,0.673628393280521
0.00498291617259383,3.96640127338469,0.67355507521562
0.00498291617259383,3.97138418955728,0.67347935336889
0.00498291617259383,3.97636710572988,0.673401204660143
0.00498291617259383,3.98135002190247,0.673320606153386
0.00498291617259383,3.98633293807507,0.673237535056678
0.00498291617259383,3.99131585424766,0.673151968721978
0.00498291617259383,3.99629877042025,0.673063884644995
0.00498291617259383,4.00128168659285,0.672973260465034
0.00498291617259383,4.00626460276544,0.672880073964839
0.00498291617259383,4.01124751893803,0.672784303070433
0.00498291617259383,4.01623043511063,0.672685925850956
0.00498291617259383,4.02121335128322,0.672584920518499
0.00498291617259383,4.02619626745582,0.672481265427935
0.00498291617259383,4.03117918362841,0.67237493907675
0.00498291617259383,4.036162099801,0.672265920104871
0.00498291617259383,4.0411450159736,0.672154187294484
0.00498291617259383,4.04612793214619,0.672039719569863
0.00498291617259383,4.05111084831879,0.67192249599718
0.00498291617259383,4.05609376449138,0.67180249578433
0.00498291617259383,4.06107668066397,0.671679698280737
0.00498291617259383,4.06605959683657,0.671554082977169
0.00498291617259383,4.07104251300916,0.671425629505543
0.00498291617259383,4.07602542918175,0.671294317638733
0.00498291617259383,4.08100834535435,0.671160127290373
0.00498291617259383,4.08599126152694,0.671023038514656
0.00498291617259383,4.09097417769954,0.670883031506133
0.00498291617259383,4.09595709387213,0.670740086599509
0.00498291617259383,4.10094001004472,0.670594184269434
0.00498291617259383,4.10592292621732,0.670445305130296
0.00498291617259383,4.11090584238991,0.670293429936009
0.00498291617259383,4.11588875856251,0.670138539579796
0.00498291617259383,4.1208716747351,0.669980615093976
0.00498291617259383,4.12585459090769,0.669819637649743
0.00498291617259383,4.13083750708029,0.669655588556944
0.00498291617259383,4.13582042325288,0.669488449263857
0.00498291617259383,4.14080333942547,0.669318201356964
0.00498291617259383,4.14578625559807,0.669144826560722
0.00498291617259383,4.15076917177066,0.668968306737335
0.00498291617259383,4.15575208794326,0.668788623886517
0.00498291617259383,4.16073500411585,0.66860576014526
0.00498291617259383,4.16571792028844,0.668419697787595
0.00498291617259383,4.17070083646104,0.668230419224352
0.00498291617259383,4.17568375263363,0.668037907002919
0.00498291617259383,4.18066666880623,0.667842143807
0.00498291617259383,4.18564958497882,0.667643112456363
0.00498291617259383,4.19063250115141,0.667440795906597
0.00498291617259383,4.19561541732401,0.667235177248859
0.00498291617259383,4.2005983334966,0.66702623970962
0.00498291617259383,4.20558124966919,0.666813966650415
0.00498291617259383,4.21056416584179,0.66659834156758
0.00498291617259383,4.21554708201438,0.666379348091998
0.00498291617259383,4.22052999818698,0.666156969988834
0.00498291617259383,4.22551291435957,0.665931191157274
0.00498291617259383,4.23049583053216,0.665701995630261
0.00498291617259383,4.23547874670476,0.665469367574226
0.00498291617259383,4.24046166287735,0.665233291288818
0.00498291617259383,4.24544457904994,0.664993751206636
0.00498291617259383,4.25042749522254,0.664750731892954
0.00498291617259383,4.25541041139513,0.664504218045444
0.00498291617259383,4.26039332756773,0.664254194493904
0.00498291617259383,4.26537624374032,0.664000646199975
0.00498291617259383,4.27035915991291,0.663743558256863
0.00498291617259383,4.27534207608551,0.663482915889052
0.00498291617259383,4.2803249922581,0.663218704452026
0.00498291617259383,4.2853079084307,0.662950909431977
0.00498291617259383,4.29029082460329,0.662679516445521
0.00498291617259383,4.29527374077588,0.662404511239404
0.00498291617259383,4.30025665694848,0.662125879690213
0.00498291617259383,4.30523957312107,0.661843607804084
0.00498291617259383,4.31022248929366,0.661557681716402
0.00498291617259383,4.31520540546626,0.661268087691507
0.00498291617259383,4.32018832163885,0.660974812122395
0.00498291617259383,4.32517123781145,0.660677841530418
0.00498291617259383,4.33015415398404,0.660377162564979
0.00498291617259383,4.33513707015663,0.660072762003231
0.00498291617259383,4.34011998632923,0.659764626749773
0.00498291617259383,4.34510290250182,0.659452743836336
0.00498291617259383,4.35008581867442,0.659137100421482
0.00498291617259383,4.35506873484701,0.658817683790288
0.00498291617259383,4.3600516510196,0.658494481354038
0.00498291617259383,4.3650345671922,0.658167480649905
0.00498291617259383,4.37001748336479,0.65783666934064
0.00498291617259383,4.37500039953738,0.657502035214253
0.00498291617259383,4.37998331570998,0.657163566183693
0.00498291617259383,4.38496623188257,0.656821250286534
0.00498291617259383,4.38994914805517,0.656475075684646
0.00498291617259383,4.39493206422776,0.656125030663879
0.00498291617259383,4.39991498040035,0.655771103633733
0.00498291617259383,4.40489789657295,0.655413283127037
0.00498291617259383,4.40988081274554,0.655051557799617
0.00498291617259383,4.41486372891814,0.654685916429974
0.00498291617259383,4.41984664509073,0.654316347918945
0.00498291617259383,4.42482956126332,0.65394284128938
0.00498291617259383,4.42981247743592,0.653565385685804
0.00498291617259383,4.43479539360851,0.653183970374082
0.00498291617259383,4.4397783097811,0.65279858474109
0.00498291617259383,4.4447612259537,0.65240921829437
0.00498291617259383,4.44974414212629,0.652015860661796
0.00498291617259383,4.45472705829889,0.651618501591234
0.00498291617259383,4.45970997447148,0.651217130950201
0.00498291617259383,4.46469289064407,0.650811738725522
0.00498291617259383,4.46967580681667,0.650402315022987
0.00498291617259383,4.47465872298926,0.649988850067007
0.00498291617259383,4.47964163916185,0.649571334200267
0.00498291617259383,4.48462455533445,0.649149757883378
0.00498291617259383,4.48960747150704,0.648724111694533
0.00498291617259383,4.49459038767964,0.648294386329151
0.00498291617259383,4.49957330385223,0.647860572599533
0.00498291617259383,4.50455622002482,0.647422661434502
0.00498291617259383,4.50953913619742,0.646980643879059
0.00498291617259383,4.51452205237001,0.646534511094022
0.00498291617259383,4.51950496854261,0.646084254355674
0.00498291617259383,4.5244878847152,0.645629865055406
0.00498291617259383,4.52947080088779,0.645171334699356
0.00498291617259383,4.53445371706039,0.644708654908058
0.00498291617259383,4.53943663323298,0.644241817416075
0.00498291617259383,4.54441954940557,0.643770814071642
0.00498291617259383,4.54940246557817,0.643295636836303
0.00498291617259383,4.55438538175076,0.642816277784549
0.00498291617259383,4.55936829792336,0.642332729103454
0.00498291617259383,4.56435121409595,0.641844983092308
0.00498291617259383,4.56933413026854,0.641353032162257
0.00498291617259383,4.57431704644114,0.640856868835929
0.00498291617259383,4.57929996261373,0.640356485747073
0.00498291617259383,4.58428287878633,0.639851875640184
0.00498291617259383,4.58926579495892,0.63934303137014
0.00498291617259383,4.59424871113151,0.638829945901826
0.00498291617259383,4.59923162730411,0.638312612309767
0.00498291617259383,4.6042145434767,0.637791023777751
0.00498291617259383,4.60919745964929,0.637265173598462
0.00498291617259383,4.61418037582189,0.6367350551731
0.00498291617259383,4.61916329199448,0.63620066201101
0.00498291617259383,4.62414620816708,0.635661987729307
0.00498291617259383,4.62912912433967,0.635119026052495
0.00498291617259383,4.63411204051226,0.634571770812094
0.00498291617259383,4.63909495668486,0.634020215946262
0.00498291617259383,4.64407787285745,0.633464355499413
0.00498291617259383,4.64906078903005,0.63290418362184
0.00498291617259383,4.65404370520264,0.632339694569334
0.00498291617259383,4.65902662137523,0.631770882702804
0.00498291617259383,4.66400953754783,0.631197742487892
0.00498291617259383,4.66899245372042,0.630620268494596
0.00498291617259383,4.67397536989301,0.63003845539688
0.00498291617259383,4.67895828606561,0.629452297972297
0.00498291617259383,4.6839412022382,0.628861791101598
0.00498291617259383,4.6889241184108,0.628266929768355
0.00498291617259383,4.69390703458339,0.627667709058564
0.00498291617259383,4.69888995075598,0.62706412416027
0.00498291617259383,4.70387286692858,0.626456170363173
0.00498291617259383,4.70885578310117,0.625843843058241
0.00498291617259383,4.71383869927377,0.625227137737324
0.00498291617259383,4.71882161544636,0.624606049992764
0.00498291617259383,4.72380453161895,0.623980575517006
0.00498291617259383,4.72878744779155,0.623350710102206
0.00498291617259383,4.73377036396414,0.622716449639843
0.00498291617259383,4.73875328013673,0.622077790120328
0.00498291617259383,4.74373619630933,0.62143472763261
0.00498291617259383,4.74871911248192,0.620787258363786
0.00498291617259383,4.75370202865452,0.620135378598709
0.00498291617259383,4.75868494482711,0.619479084719591
0.00498291617259383,4.7636678609997,0.618818373205614
0.00498291617259383,4.7686507771723,0.618153240632536
0.00498291617259383,4.77363369334489,0.617483683672293
0.00498291617259383,4.77861660951748,0.616809699092605
0.00498291617259383,4.78359952569008,0.616131283756583
0.00498291617259383,4.78858244186267,0.615448434622334
0.00498291617259383,4.79356535803527,0.614761148742561
0.00498291617259383,4.79854827420786,0.614069423264167
0.00498291617259383,4.80353119038045,0.613373255427864
0.00498291617259383,4.80851410655305,0.612672642567768
0.00498291617259383,4.81349702272564,0.611967582111006
0.00498291617259383,4.81847993889824,0.611258071577318
0.00498291617259383,4.82346285507083,0.610544108578657
0.00498291617259383,4.82844577124342,0.609825690818791
0.00498291617259383,4.83342868741602,0.609102816092906
0.00498291617259383,4.83841160358861,0.608375482287204
0.00498291617259383,4.8433945197612,0.607643687378506
0.00498291617259383,4.8483774359338,0.606907429433851
0.00498291617259383,4.85336035210639,0.606166706610095
0.00498291617259383,4.85834326827899,0.605421517153515
0.00498291617259383,4.86332618445158,0.604671859399403
0.00498291617259383,4.86830910062417,0.60391773177167
0.00498291617259383,4.87329201679677,0.603159132782442
0.00498291617259383,4.87827493296936,0.602395772342111
0.00498291617259383,4.88325784914196,0.601627959291368
0.00498291617259383,4.88824076531455,0.600855692195951
0.00498291617259383,4.89322368148714,0.600078969681609
0.00498291617259383,4.89820659765974,0.599297790434271
0.00498291617259383,4.90318951383233,0.598512153200325
0.00498291617259383,4.90817243000492,0.597722056786971
0.00498291617259383,4.91315534617752,0.596927500062675
0.00498291617259383,4.91813826235011,0.596128481957696
0.00498291617259383,4.92312117852271,0.595325001464687
0.00498291617259383,4.9281040946953,0.594517057639367
0.00498291617259383,4.93308701086789,0.593704649601255
0.00498291617259383,4.93806992704049,0.592887776534454
0.00498291617259383,4.94305284321308,0.592066437688484
0.00498291617259383,4.94803575938568,0.591240632379155
0.00498291617259383,4.95301867555827,0.590410359989469
0.00498291617259383,4.95800159173086,0.589575619970542
0.00498291617259383,4.96298450790346,0.588736411842547
0.00498291617259383,4.96796742407605,0.587892735195662
0.00498291617259383,4.97295034024864,0.587044589691014
0.00498291617259383,4.97793325642124,0.586191975061623
0.00498291617259383,4.98291617259383,0.585334891113324
